number,symbol,name,atomic_mass,category,period,group,block,density,melt,boil,molar_heat,electron_affinity,electronegativity_pauling,electron_configuration
1,H,Hydrogen,1.008,diatomic nonmetal,1,1,s,0.08988,13.99,20.271,28.836,72.769,2.2,1s1
2,He,Helium,4.0026022,noble gas,1,18,s,0.1786,0.95,4.222,,-48.0,,1s2
3,Li,Lithium,6.94,alkali metal,2,1,s,0.534,453.65,1603.0,24.86,59.6326,0.98,1s2 2s1
4,Be,Beryllium,9.01218315,alkaline earth metal,2,2,s,1.85,1560.0,2742.0,16.443,-48.0,1.57,1s2 2s2
5,B,Boron,10.81,metalloid,2,13,p,2.08,2349.0,4200.0,11.087,26.989,2.04,1s2 2s2 2p1
6,C,Carbon,12.011,polyatomic nonmetal,2,14,p,1.821,,,8.517,121.7763,2.55,1s2 2s2 2p2
7,N,Nitrogen,14.007,diatomic nonmetal,2,15,p,1.251,63.15,77.355,,-6.8,3.04,1s2 2s2 2p3
8,O,Oxygen,15.999,diatomic nonmetal,2,16,p,1.429,54.36,90.188,,140.976,3.44,1s2 2s2 2p4
9,F,Fluorine,18.9984031636,diatomic nonmetal,2,17,p,1.696,53.48,85.03,,328.1649,3.98,1s2 2s2 2p5
10,Ne,Neon,20.17976,noble gas,2,18,p,0.9002,24.56,27.104,,-116.0,,1s2 2s2 2p6
11,Na,Sodium,22.989769282,alkali metal,3,1,s,0.968,370.944,1156.09,28.23,52.867,0.93,1s2 2s2 2p6 3s1
12,Mg,Magnesium,24.305,alkaline earth metal,3,2,s,1.738,923.0,1363.0,24.869,-40.0,1.31,1s2 2s2 2p6 3s2
13,Al,Aluminium,26.98153857,post-transition metal,3,13,p,2.7,933.47,2743.0,24.2,41.762,1.61,1s2 2s2 2p6 3s2 3p1
14,Si,Silicon,28.085,metalloid,3,14,p,2.329,1687.0,3538.0,19.789,134.0684,1.9,1s2 2s2 2p6 3s2 3p2
15,P,Phosphorus,30.9737619985,polyatomic nonmetal,3,15,p,1.823,,,23.824,72.037,2.19,1s2 2s2 2p6 3s2 3p3
16,S,Sulfur,32.06,polyatomic nonmetal,3,16,p,2.07,388.36,717.8,22.75,200.4101,2.58,1s2 2s2 2p6 3s2 3p4
17,Cl,Chlorine,35.45,diatomic nonmetal,3,17,p,3.2,171.6,239.11,,348.575,3.16,1s2 2s2 2p6 3s2 3p5
18,Ar,Argon,39.9481,noble gas,3,18,p,1.784,83.81,87.302,,-96.0,,1s2 2s2 2p6 3s2 3p6
19,K,Potassium,39.09831,alkali metal,4,1,s,0.862,336.7,1032.0,29.6,48.383,0.82,1s2 2s2 2p6 3s2 3p6 4s1
20,Ca,Calcium,40.0784,alkaline earth metal,4,2,s,1.55,1115.0,1757.0,25.929,2.37,1.0,1s2 2s2 2p6 3s2 3p6 4s2
21,Sc,Scandium,44.9559085,transition metal,4,3,d,2.985,1814.0,3109.0,25.52,18.0,1.36,1s2 2s2 2p6 3s2 3p6 4s2 3d1
22,Ti,Titanium,47.8671,transition metal,4,4,d,4.506,1941.0,3560.0,25.06,7.289,1.54,1s2 2s2 2p6 3s2 3p6 4s2 3d2
23,V,Vanadium,50.94151,transition metal,4,5,d,6.0,2183.0,3680.0,24.89,50.911,1.63,1s2 2s2 2p6 3s2 3p6 4s2 3d3
24,Cr,Chromium,51.99616,transition metal,4,6,d,7.19,2180.0,2944.0,23.35,65.21,1.66,1s2 2s2 2p6 3s2 3p6 4s1 3d5
25,Mn,Manganese,54.9380443,transition metal,4,7,d,7.21,1519.0,2334.0,26.32,-50.0,1.55,1s2 2s2 2p6 3s2 3p6 4s2 3d5
26,Fe,Iron,55.8452,transition metal,4,8,d,7.874,1811.0,3134.0,25.1,14.785,1.83,1s2 2s2 2p6 3s2 3p6 4s2 3d6
27,Co,Cobalt,58.9331944,transition metal,4,9,d,8.9,1768.0,3200.0,24.81,63.898,1.88,1s2 2s2 2p6 3s2 3p6 4s2 3d7
28,Ni,Nickel,58.69344,transition metal,4,10,d,8.908,1728.0,3003.0,26.07,111.65,1.91,1s2 2s2 2p6 3s2 3p6 4s2 3d8
29,Cu,Copper,63.5463,transition metal,4,11,d,8.96,1357.77,2835.0,24.44,119.235,1.9,1s2 2s2 2p6 3s2 3p6 4s1 3d10
30,Zn,Zinc,65.382,transition metal,4,12,d,7.14,692.68,1180.0,25.47,-58.0,1.65,1s2 2s2 2p6 3s2 3p6 4s2 3d10
31,Ga,Gallium,69.7231,post-transition metal,4,13,p,5.91,302.9146,2673.0,25.86,41.0,1.81,1s2 2s2 2p6 3s2 3p6 4s2 3d10 4p1
32,Ge,Germanium,72.6308,metalloid,4,14,p,5.323,1211.4,3106.0,23.222,118.9352,2.01,1s2 2s2 2p6 3s2 3p6 4s2 3d10 4p2
33,As,Arsenic,74.9215956,metalloid,4,15,p,5.727,,,24.64,77.65,2.18,1s2 2s2 2p6 3s2 3p6 4s2 3d10 4p3
34,Se,Selenium,78.9718,polyatomic nonmetal,4,16,p,4.81,494.0,958.0,25.363,194.9587,2.55,1s2 2s2 2p6 3s2 3p6 4s2 3d10 4p4
35,Br,Bromine,79.904,diatomic nonmetal,4,17,p,3.1028,265.8,332.0,,324.537,2.96,1s2 2s2 2p6 3s2 3p6 4s2 3d10 4p5
36,Kr,Krypton,83.7982,noble gas,4,18,p,3.749,115.78,119.93,,-96.0,3.0,1s2 2s2 2p6 3s2 3p6 4s2 3d10 4p6
37,Rb,Rubidium,85.46783,alkali metal,5,1,s,1.532,312.45,961.0,31.06,46.884,0.82,1s2 2s2 2p6 3s2 3p6 4s2 3d10 4p6 5s1
38,Sr,Strontium,87.621,alkaline earth metal,5,2,s,2.64,1050.0,1650.0,26.4,5.023,0.95,1s2 2s2 2p6 3s2 3p6 4s2 3d10 4p6 5s2
39,Y,Yttrium,88.905842,transition metal,5,3,d,4.472,1799.0,3203.0,26.53,29.6,1.22,1s2 2s2 2p6 3s2 3p6 4s2 3d10 4p6 5s2 4d1
40,Zr,Zirconium,91.2242,transition metal,5,4,d,6.52,2128.0,4650.0,25.36,41.806,1.33,1s2 2s2 2p6 3s2 3p6 4s2 3d10 4p6 5s2 4d2
41,Nb,Niobium,92.906372,transition metal,5,5,d,8.57,2750.0,5017.0,24.6,88.516,1.6,1s2 2s2 2p6 3s2 3p6 4s2 3d10 4p6 5s1 4d4
42,Mo,Molybdenum,95.951,transition metal,5,6,d,10.28,2896.0,4912.0,24.06,72.1,2.16,1s2 2s2 2p6 3s2 3p6 4s2 3d10 4p6 5s1 4d5
43,Tc,Technetium,98.0,transition metal,5,7,d,11.0,2430.0,4538.0,24.27,53.0,1.9,1s2 2s2 2p6 3s2 3p6 4s2 3d10 4p6 5s2 4d5
44,Ru,Ruthenium,101.072,transition metal,5,8,d,12.45,2607.0,4423.0,24.06,100.96,2.2,1s2 2s2 2p6 3s2 3p6 4s2 3d10 4p6 5s1 4d7
45,Rh,Rhodium,102.905502,transition metal,5,9,d,12.41,2237.0,3968.0,24.98,110.27,2.28,1s2 2s2 2p6 3s2 3p6 4s2 3d10 4p6 5s1 4d8
46,Pd,Palladium,106.421,transition metal,5,10,d,12.023,1828.05,3236.0,25.98,54.24,2.2,1s2 2s2 2p6 3s2 3p6 4s2 3d10 4p6 4d10
47,Ag,Silver,107.86822,transition metal,5,11,d,10.49,1234.93,2435.0,25.35,125.862,1.93,1s2 2s2 2p6 3s2 3p6 4s2 3d10 4p6 5s1 4d10
48,Cd,Cadmium,112.4144,transition metal,5,12,d,8.65,594.22,1040.0,26.02,-68.0,1.69,1s2 2s2 2p6 3s2 3p6 4s2 3d10 4p6 5s2 4d10
49,In,Indium,114.8181,post-transition metal,5,13,p,7.31,429.7485,2345.0,26.74,37.043,1.78,1s2 2s2 2p6 3s2 3p6 4s2 3d10 4p6 5s2 4d10 5p1
50,Sn,Tin,118.7107,post-transition metal,5,14,p,7.365,505.08,2875.0,27.112,107.2984,1.96,1s2 2s2 2p6 3s2 3p6 4s2 3d10 4p6 5s2 4d10 5p2
51,Sb,Antimony,121.7601,metalloid,5,15,p,6.697,903.78,1908.0,25.23,101.059,2.05,1s2 2s2 2p6 3s2 3p6 4s2 3d10 4p6 5s2 4d10 5p3
52,Te,Tellurium,127.603,metalloid,5,16,p,6.24,722.66,1261.0,25.73,190.161,2.1,1s2 2s2 2p6 3s2 3p6 4s2 3d10 4p6 5s2 4d10 5p4
53,I,Iodine,126.904473,diatomic nonmetal,5,17,p,4.933,386.85,457.4,,295.1531,2.66,1s2 2s2 2p6 3s2 3p6 4s2 3d10 4p6 5s2 4d10 5p5
54,Xe,Xenon,131.2936,noble gas,5,18,p,5.894,161.4,165.051,,-77.0,2.6,1s2 2s2 2p6 3s2 3p6 4s2 3d10 4p6 5s2 4d10 5p6
55,Cs,Cesium,132.905451966,alkali metal,6,1,s,1.93,301.7,944.0,32.21,45.505,0.79,1s2 2s2 2p6 3s2 3p6 4s2 3d10 4p6 5s2 4d10 5p6 6s1
56,Ba,Barium,137.3277,alkaline earth metal,6,2,s,3.51,1000.0,2118.0,28.07,13.954,0.89,1s2 2s2 2p6 3s2 3p6 4s2 3d10 4p6 5s2 4d10 5p6 6s2
57,La,Lanthanum,138.905477,lanthanide,6,3,f,6.162,1193.0,3737.0,27.11,53.0,1.1,1s2 2s2 2p6 3s2 3p6 4s2 3d10 4p6 5s2 4d10 5p6 6s2 5d1
58,Ce,Cerium,140.1161,lanthanide,6,3,f,6.77,1068.0,3716.0,26.94,55.0,1.12,1s2 2s2 2p6 3s2 3p6 4s2 3d10 4p6 5s2 4d10 5p6 6s2 5d1 4f1
59,Pr,Praseodymium,140.907662,lanthanide,6,3,f,6.77,1208.0,3403.0,27.2,93.0,1.13,1s2 2s2 2p6 3s2 3p6 4s2 3d10 4p6 5s2 4d10 5p6 6s2 4f3
60,Nd,Neodymium,144.2423,lanthanide,6,3,f,7.01,1297.0,3347.0,27.45,184.87,1.14,1s2 2s2 2p6 3s2 3p6 4s2 3d10 4p6 5s2 4d10 5p6 6s2 4f4
61,Pm,Promethium,145.0,lanthanide,6,3,f,7.26,1315.0,3273.0,,12.45,1.13,1s2 2s2 2p6 3s2 3p6 4s2 3d10 4p6 5s2 4d10 5p6 6s2 4f5
62,Sm,Samarium,150.362,lanthanide,6,3,f,7.52,1345.0,2173.0,29.54,15.63,1.17,1s2 2s2 2p6 3s2 3p6 4s2 3d10 4p6 5s2 4d10 5p6 6s2 4f6
63,Eu,Europium,151.9641,lanthanide,6,3,f,5.264,1099.0,1802.0,27.66,11.2,1.2,1s2 2s2 2p6 3s2 3p6 4s2 3d10 4p6 5s2 4d10 5p6 6s2 4f7
64,Gd,Gadolinium,157.253,lanthanide,6,3,f,7.9,1585.0,3273.0,37.03,13.22,1.2,1s2 2s2 2p6 3s2 3p6 4s2 3d10 4p6 5s2 4d10 5p6 6s2 4f7 5d1
65,Tb,Terbium,158.925352,lanthanide,6,3,f,8.23,1629.0,3396.0,28.91,112.4,1.1,1s2 2s2 2p6 3s2 3p6 4s2 3d10 4p6 5s2 4d10 5p6 6s2 4f9
66,Dy,Dysprosium,162.5001,lanthanide,6,3,f,8.54,1680.0,2840.0,27.7,33.96,1.22,1s2 2s2 2p6 3s2 3p6 4s2 3d10 4p6 5s2 4d10 5p6 6s2 4f10
67,Ho,Holmium,164.930332,lanthanide,6,3,f,8.79,1734.0,2873.0,27.15,32.61,1.23,1s2 2s2 2p6 3s2 3p6 4s2 3d10 4p6 5s2 4d10 5p6 6s2 4f11
68,Er,Erbium,167.2593,lanthanide,6,3,f,9.066,1802.0,3141.0,28.12,30.1,1.24,1s2 2s2 2p6 3s2 3p6 4s2 3d10 4p6 5s2 4d10 5p6 6s2 4f12
69,Tm,Thulium,168.934222,lanthanide,6,3,f,9.32,1818.0,2223.0,27.03,99.0,1.25,1s2 2s2 2p6 3s2 3p6 4s2 3d10 4p6 5s2 4d10 5p6 6s2 4f13
70,Yb,Ytterbium,173.0451,lanthanide,6,3,f,6.9,1097.0,1469.0,26.74,-1.93,1.1,1s2 2s2 2p6 3s2 3p6 4s2 3d10 4p6 5s2 4d10 5p6 6s2 4f14
71,Lu,Lutetium,174.96681,lanthanide,6,3,d,9.841,1925.0,3675.0,26.86,33.4,1.27,1s2 2s2 2p6 3s2 3p6 4s2 3d10 4p6 5s2 4d10 5p6 6s2 4f14 5d1
72,Hf,Hafnium,178.492,transition metal,6,4,d,13.31,2506.0,4876.0,25.73,17.18,1.3,1s2 2s2 2p6 3s2 3p6 4s2 3d10 4p6 5s2 4d10 5p6 6s2 4f14 5d2
73,Ta,Tantalum,180.947882,transition metal,6,5,d,16.69,3290.0,5731.0,25.36,31.0,1.5,1s2 2s2 2p6 3s2 3p6 4s2 3d10 4p6 5s2 4d10 5p6 6s2 4f14 5d3
74,W,Tungsten,183.841,transition metal,6,6,d,19.25,3695.0,6203.0,24.27,78.76,2.36,1s2 2s2 2p6 3s2 3p6 4s2 3d10 4p6 5s2 4d10 5p6 6s2 4f14 5d4
75,Re,Rhenium,186.2071,transition metal,6,7,d,21.02,3459.0,5869.0,25.48,5.8273,1.9,1s2 2s2 2p6 3s2 3p6 4s2 3d10 4p6 5s2 4d10 5p6 6s2 4f14 5d5
76,Os,Osmium,190.233,transition metal,6,8,d,22.59,3306.0,5285.0,24.7,103.99,2.2,1s2 2s2 2p6 3s2 3p6 4s2 3d10 4p6 5s2 4d10 5p6 6s2 4f14 5d6
77,Ir,Iridium,192.2173,transition metal,6,9,d,22.56,2719.0,4403.0,25.1,150.94,2.2,1s2 2s2 2p6 3s2 3p6 4s2 3d10 4p6 5s2 4d10 5p6 6s2 4f14 5d7
78,Pt,Platinum,195.0849,transition metal,6,10,d,21.45,2041.4,4098.0,25.86,205.041,2.28,1s2 2s2 2p6 3s2 3p6 4s2 3d10 4p6 5s2 4d10 5p6 6s1 4f14 5d9
79,Au,Gold,196.9665695,transition metal,6,11,d,19.3,1337.33,3243.0,25.418,222.747,2.54,1s2 2s2 2p6 3s2 3p6 4s2 3d10 4p6 5s2 4d10 5p6 6s1 4f14 5d10
80,Hg,Mercury,200.5923,transition metal,6,12,d,13.534,234.321,629.88,27.983,-48.0,2.0,1s2 2s2 2p6 3s2 3p6 4s2 3d10 4p6 5s2 4d10 5p6 6s2 4f14 5d10
81,Tl,Thallium,204.38,post-transition metal,6,13,p,11.85,577.0,1746.0,26.32,36.4,1.62,1s2 2s2 2p6 3s2 3p6 4s2 3d10 4p6 5s2 4d10 5p6 6s2 4f14 5d10 6p1
82,Pb,Lead,207.21,post-transition metal,6,14,p,11.34,600.61,2022.0,26.65,34.4204,1.87,1s2 2s2 2p6 3s2 3p6 4s2 3d10 4p6 5s2 4d10 5p6 6s2 4f14 5d10 6p2
83,Bi,Bismuth,208.980401,post-transition metal,6,15,p,9.78,544.7,1837.0,25.52,90.924,2.02,1s2 2s2 2p6 3s2 3p6 4s2 3d10 4p6 5s2 4d10 5p6 6s2 4f14 5d10 6p3
84,Po,Polonium,209.0,post-transition metal,6,16,p,9.196,527.0,1235.0,26.4,136.0,2.0,1s2 2s2 2p6 3s2 3p6 4s2 3d10 4p6 5s2 4d10 5p6 6s2 4f14 5d10 6p4
85,At,Astatine,210.0,metalloid,6,17,p,6.35,575.0,610.0,,233.0,2.2,1s2 2s2 2p6 3s2 3p6 4s2 3d10 4p6 5s2 4d10 5p6 6s2 4f14 5d10 6p5
86,Rn,Radon,222.0,noble gas,6,18,p,9.73,202.0,211.5,,-68.0,2.2,1s2 2s2 2p6 3s2 3p6 4s2 3d10 4p6 5s2 4d10 5p6 6s2 4f14 5d10 6p6
87,Fr,Francium,223.0,alkali metal,7,1,s,1.87,300.0,950.0,,46.89,0.79,1s2 2s2 2p6 3s2 3p6 4s2 3d10 4p6 5s2 4d10 5p6 6s2 4f14 5d10 6p6 7s1
88,Ra,Radium,226.0,alkaline earth metal,7,2,s,5.5,1233.0,2010.0,,9.6485,0.9,1s2 2s2 2p6 3s2 3p6 4s2 3d10 4p6 5s2 4d10 5p6 6s2 4f14 5d10 6p6 7s2
89,Ac,Actinium,227.0,actinide,7,3,f,10.0,1500.0,3500.0,27.2,33.77,1.1,1s2 2s2 2p6 3s2 3p6 4s2 3d10 4p6 5s2 4d10 5p6 6s2 4f14 5d10 6p6 7s2 6d1
90,Th,Thorium,232.03774,actinide,7,3,f,11.724,2023.0,5061.0,26.23,112.72,1.3,1s2 2s2 2p6 3s2 3p6 4s2 3d10 4p6 5s2 4d10 5p6 6s2 4f14 5d10 6p6 7s2 6d2
91,Pa,Protactinium,231.035882,actinide,7,3,f,15.37,1841.0,4300.0,,53.03,1.5,1s2 2s2 2p6 3s2 3p6 4s2 3d10 4p6 5s2 4d10 5p6 6s2 4f14 5d10 6p6 7s2 5f2 6d1
92,U,Uranium,238.028913,actinide,7,3,f,19.1,1405.3,4404.0,27.665,50.94,1.38,1s2 2s2 2p6 3s2 3p6 4s2 3d10 4p6 5s2 4d10 5p6 6s2 4f14 5d10 6p6 7s2 5f3 6d1
93,Np,Neptunium,237.0,actinide,7,3,f,20.45,912.0,4447.0,29.46,45.85,1.36,1s2 2s2 2p6 3s2 3p6 4s2 3d10 4p6 5s2 4d10 5p6 6s2 4f14 5d10 6p6 7s2 5f4 6d1
94,Pu,Plutonium,244.0,actinide,7,3,f,19.816,912.5,3505.0,35.5,-48.33,1.28,1s2 2s2 2p6 3s2 3p6 4s2 3d10 4p6 5s2 4d10 5p6 6s2 4f14 5d10 6p6 7s2 5f6
95,Am,Americium,243.0,actinide,7,3,f,12.0,1449.0,2880.0,62.7,9.93,1.13,1s2 2s2 2p6 3s2 3p6 4s2 3d10 4p6 5s2 4d10 5p6 6s2 4f14 5d10 6p6 7s2 5f7
96,Cm,Curium,247.0,actinide,7,3,f,13.51,1613.0,3383.0,,27.17,1.28,1s2 2s2 2p6 3s2 3p6 4s2 3d10 4p6 5s2 4d10 5p6 6s2 4f14 5d10 6p6 7s2 5f7 6d1
97,Bk,Berkelium,247.0,actinide,7,3,f,14.78,1259.0,2900.0,,-165.24,1.3,1s2 2s2 2p6 3s2 3p6 4s2 3d10 4p6 5s2 4d10 5p6 6s2 4f14 5d10 6p6 7s2 5f9
98,Cf,Californium,251.0,actinide,7,3,f,15.1,1173.0,1743.0,,-97.31,1.3,1s2 2s2 2p6 3s2 3p6 4s2 3d10 4p6 5s2 4d10 5p6 6s2 4f14 5d10 6p6 7s2 5f10
99,Es,Einsteinium,252.0,actinide,7,3,f,8.84,1133.0,1269.0,,-28.6,1.3,1s2 2s2 2p6 3s2 3p6 4s2 3d10 4p6 5s2 4d10 5p6 6s2 4f14 5d10 6p6 7s2 5f11
100,Fm,Fermium,257.0,actinide,7,3,f,,1800.0,,,33.96,1.3,1s2 2s2 2p6 3s2 3p6 4s2 3d10 4p6 5s2 4d10 5p6 6s2 4f14 5d10 6p6 7s2 5f12
101,Md,Mendelevium,258.0,actinide,7,3,f,,1100.0,,,93.91,1.3,1s2 2s2 2p6 3s2 3p6 4s2 3d10 4p6 5s2 4d10 5p6 6s2 4f14 5d10 6p6 7s2 5f13
102,No,Nobelium,259.0,actinide,7,3,f,,1100.0,,,-223.22,1.3,1s2 2s2 2p6 3s2 3p6 4s2 3d10 4p6 5s2 4d10 5p6 6s2 4f14 5d10 6p6 7s2 5f14
103,Lr,Lawrencium,266.0,actinide,7,3,d,,1900.0,,,-30.04,1.3,1s2 2s2 2p6 3s2 3p6 4s2 3d10 4p6 5s2 4d10 5p6 6s2 4f14 5d10 6p6 7s2 5f14 7p1
104,Rf,Rutherfordium,267.0,transition metal,7,4,d,23.2,2400.0,5800.0,,,,1s2 2s2 2p6 3s2 3p6 4s2 3d10 4p6 5s2 4d10 5p6 6s2 4f14 5d10 6p6 7s2 5f14 6d2
105,Db,Dubnium,268.0,transition metal,7,5,d,29.3,,,,,,1s2 2s2 2p6 3s2 3p6 4s2 3d10 4p6 5s2 4d10 5p6 6s2 4f14 5d10 6p6 7s2 5f14 6d3
106,Sg,Seaborgium,269.0,transition metal,7,6,d,35.0,,,,,,1s2 2s2 2p6 3s2 3p6 4s2 3d10 4p6 5s2 4d10 5p6 6s2 4f14 5d10 6p6 7s2 5f14 6d4
107,Bh,Bohrium,270.0,transition metal,7,7,d,37.1,,,,,,1s2 2s2 2p6 3s2 3p6 4s2 3d10 4p6 5s2 4d10 5p6 6s2 4f14 5d10 6p6 7s2 5f14 6d5
108,Hs,Hassium,269.0,transition metal,7,8,d,40.7,126.0,,,,,1s2 2s2 2p6 3s2 3p6 4s2 3d10 4p6 5s2 4d10 5p6 6s2 4f14 5d10 6p6 7s2 5f14 6d6
109,Mt,Meitnerium,278.0,"unknown, probably transition metal",7,9,d,37.4,,,,,,1s2 2s2 2p6 3s2 3p6 4s2 3d10 4p6 5s2 4d10 5p6 6s2 4f14 5d10 6p6 7s2 5f14 6d7
110,Ds,Darmstadtium,281.0,"unknown, probably transition metal",7,10,d,34.8,,,,,,1s2 2s2 2p6 3s2 3p6 4s2 3d10 4p6 5s2 4d10 5p6 6s2 4f14 5d10 6p6 7s2 5f14 6d8
111,Rg,Roentgenium,282.0,"unknown, probably transition metal",7,11,d,28.7,,,,151.0,,1s2 2s2 2p6 3s2 3p6 4s2 3d10 4p6 5s2 4d10 5p6 6s2 4f14 5d10 6p6 7s2 5f14 6d9
112,Cn,Copernicium,285.0,transition metal,7,12,d,14.0,,3570.0,,,,1s2 2s2 2p6 3s2 3p6 4s2 3d10 4p6 5s2 4d10 5p6 6s2 4f14 5d10 6p6 7s2 5f14 6d10
113,Nh,Nihonium,286.0,"unknown, probably transition metal",7,13,p,16.0,700.0,1430.0,,66.6,,1s2 2s2 2p6 3s2 3p6 4s2 3d10 4p6 5s2 4d10 5p6 6s2 4f14 5d10 6p6 7s2 5f14 6d10 7p1
114,Fl,Flerovium,289.0,post-transition metal,7,14,p,14.0,340.0,420.0,,,,1s2 2s2 2p6 3s2 3p6 4s2 3d10 4p6 5s2 4d10 5p6 6s2 4f14 5d10 6p6 7s2 5f14 6d10 7p2
115,Mc,Moscovium,289.0,"unknown, probably post-transition metal",7,15,p,13.5,670.0,1400.0,,35.3,,1s2 2s2 2p6 3s2 3p6 4s2 3d10 4p6 5s2 4d10 5p6 6s2 4f14 5d10 6p6 7s2 5f14 6d10 7p3
116,Lv,Livermorium,293.0,"unknown, probably post-transition metal",7,16,p,12.9,709.0,1085.0,,74.9,,1s2 2s2 2p6 3s2 3p6 4s2 3d10 4p6 5s2 4d10 5p6 6s2 4f14 5d10 6p6 7s2 5f14 6d10 7p4
117,Ts,Tennessine,294.0,"unknown, probably metalloid",7,17,p,7.17,723.0,883.0,,165.9,,1s2 2s2 2p6 3s2 3p6 4s2 3d10 4p6 5s2 4d10 5p6 6s2 4f14 5d10 6p6 7s2 5f14 6d10 7p5
118,Og,Oganesson,294.0,"unknown, predicted to be noble gas",7,18,p,4.95,,350.0,,5.40318,,1s2 2s2 2p6 3s2 3p6 4s2 3d10 4p6 5s2 4d10 5p6 6s2 4f14 5d10 6p6 7s2 5f14 6d10 7p6
